,age,hypertension,heart_disease,avg_glucose_level,bmi,stroke
count,43400.0,43400.0,43400.0,43400.0,41938.0,43400.0
mean,42.21789400921659,0.09357142857142857,0.04751152073732719,104.48275,28.605038390004296,0.01804147465437788
std,22.51964868050339,0.2912349063093972,0.21273274050209703,43.1117509512961,7.770020497238738,0.13310292280179176
min,0.08,0.0,0.0,55.0,10.1,0.0
25%,24.0,0.0,0.0,77.54,23.2,0.0
50%,44.0,0.0,0.0,91.58,27.7,0.0
75%,60.0,0.0,0.0,112.07,32.9,0.0
max,82.0,1.0,1.0,291.05,97.6,1.0
